<?xml version="1.0" encoding="UTF-8"?>
<!DOCTYPE configuration
  PUBLIC "-//mybatis.org//DTD Config 3.0//EN"
  "http://mybatis.org/dtd/mybatis-3-config.dtd">
<configuration>
	<typeAliases>
		<typeAlias type="model.Community" alias="Community" />
		<typeAlias type="model.User" alias="User" />
	</typeAliases>
	<environments default="development">
		<environment id="development">
			<transactionManager type="JDBC" />
			<dataSource type="POOLED">
				<property name="driver" value="oracle.jdbc.driver.OracleDriver" />
				<property name="url" value="jdbc:oracle:thin:@202.20.119.117:1521:orcl" />
				<property name="username" value="dbp" />
				<property name="password" value="dbp" />
			</dataSource>
		</environment>
	</environments>
	<mappers>
		<mapper resource="model/dao/CommunityMapper.xml" />
	</mappers>
</configuration>